name,category,price,platform,sales_volume,rating,description
冰丝防晒衫女款UPF50+凉感透气宽松外套,女装,69.9,抖音,12800,4.8,冰丝面料 凉感透气 UPF50+防晒认证 宽松版型遮肉显瘦 适合夏季日常通勤穿搭 多色可选
冰丝防晒衫女款UPF50+凉感修身短款外套,女装,59.9,抖音,10500,4.7,冰丝面料 凉感透气 UPF50+防晒 修身短款设计 显高显瘦 夏季防晒必备
冰丝防晒衫连帽款UPF50+户外骑行面罩衫,女装,79.9,拼多多,15600,4.6,连帽面罩一体设计 UPF50+ 冰丝凉感 户外骑行钓鱼专用 全脸防护
冰丝防晒衫开衫式中长款UPF50+空调房外搭,女装,75.0,小红书,8900,4.9,中长款开衫设计 UPF50+防晒 空调房办公室外搭 百搭通勤 多色可选
冰丝防晒衫男款UPF50+透气速干运动外套,女装,69.9,拼多多,9200,4.5,男女同款冰丝面料 UPF50+防晒 速干透气 户外运动钓鱼必备 大码可选
高腰牛仔短裤女夏2026新款A字阔腿裤,女装,49.9,抖音,9600,4.7,高腰A字版型 显瘦遮胯 纯棉牛仔面料 夏季百搭基础款 搭配T恤衬衫均可
高腰牛仔短裤女夏2026修身直筒款,女装,55.0,拼多多,11300,4.6,高腰直筒版型 修身不紧绷 弹力牛仔面料 夏季百搭 通勤休闲两穿
高腰牛仔短裤女夏复古毛边破洞款,女装,52.0,小红书,7800,4.8,复古毛边破洞设计 高腰显瘦 A字版型 个性潮流 街头感十足
高腰牛仔短裤女夏加肥加大码款L-5XL,女装,59.9,拼多多,13500,4.5,大码专属L-5XL 高腰收腹设计 弹力牛仔面料 胖妹妹夏季必备短裤
高腰牛仔短裤女夏高腰卷边百搭款,女装,45.0,抖音,10200,4.6,卷边设计休闲感十足 高腰A字版型 纯棉舒适 学生党平价短裤首选
碎花连衣裙女夏季法式收腰显瘦长裙,女装,89.0,小红书,7200,4.9,法式碎花印花 收腰设计 雪纺面料轻盈飘逸 过膝长裙优雅显气质 约会度假首选
碎花连衣裙女夏季法式茶歇裙V领收腰中裙,女装,79.0,抖音,9800,4.8,法式茶歇裙 V领设计 收腰显瘦 碎花印花雪纺 过膝中长款 法式优雅
碎花连衣裙女夏季吊带露背沙滩度假长裙,女装,69.0,拼多多,11500,4.6,吊带露背设计 碎花印花 雪纺飘逸 沙滩度假必备 拍照超出片
碎花连衣裙女夏季小清新短款A字裙,女装,59.0,抖音,8600,4.7,小清新碎花 短款A字版型 纯棉面料舒适透气 日常休闲约会皆可
碎花连衣裙女夏季方领泡泡袖复古收腰裙,女装,99.0,小红书,6500,4.9,方领泡泡袖 复古法式风 收腰大裙摆 雪纺面料 约会婚礼宾客穿搭
大码透气家居服女夏款3XL-5XL纯棉睡裙,女装,39.9,拼多多,15000,4.6,大码3XL-5XL专供 纯棉透气不闷汗 宽松舒适居家外穿两用 胖妹妹福音
大码透气家居服女夏款3XL-5XL短袖七分裤套装,女装,49.9,拼多多,13200,4.5,大码3XL-5XL 短袖+七分裤套装 纯棉透气 居家休闲外穿 胖妹妹夏季必备
大码透气家居服女夏款3XL-5XL莫代尔吊带睡裙,女装,45.0,抖音,10800,4.6,莫代尔面料超柔亲肤 大码3XL-5XL 吊带款凉爽 居家睡眠两穿
大码透气家居服女夏款3XL-5XL冰丝长裤套装,女装,55.0,拼多多,9800,4.4,冰丝面料清凉降温 长袖长裤套装 大码3XL-5XL 空调房居家必备
大码透气家居服女夏款3XL-5XL孕妇可穿睡裙,女装,49.0,小红书,7200,4.7,大码+孕妇友好 纯棉A类面料 侧开口哺乳设计 孕期产后均可穿着
床边夹缝收纳盒可移动窄缝置物架,家居收纳,35.0,抖音,18500,4.8,窄缝设计10-16cm 带滑轮可移动 多层分类收纳 厨房浴室卧室通用 免安装即开即用
床边夹缝收纳盒加高款15-20cm窄缝置物架,家居收纳,42.0,拼多多,15600,4.7,加高款15-20cm窄缝 四层大容量 带滑轮移动 冰箱旁洗衣机旁通用
床边夹缝收纳盒带抽屉款多层分类储物架,家居收纳,39.0,抖音,12800,4.6,带抽屉设计防尘 窄缝10-16cm 多层分类 卧室厨房浴室通用 免安装
床边夹缝收纳盒厨房专用调料瓶置物架,家居收纳,32.0,拼多多,14200,4.5,厨房窄缝专用 可放调料瓶 带滑轮可拉出 10-14cm窄缝利用
可折叠脏衣篓大容量防水收纳筐,家居收纳,29.9,抖音,11200,4.7,牛津布防水材质 可折叠省空间 大容量35L 北欧简约配色 学生宿舍家用皆可
可折叠脏衣篓方形大容量50L防水收纳筐,家居收纳,39.9,拼多多,13500,4.6,升级50L超大容量 方形设计更省空间 牛津布防水 可折叠 家庭装首选
可折叠脏衣篓带分类格双区脏衣收纳筐,家居收纳,35.0,抖音,9800,4.8,双区分类设计 深浅色分开 可折叠 防水牛津布 带手提方便搬运
可折叠脏衣篓卡通款儿童房玩具收纳筐,家居收纳,25.0,小红书,8900,4.6,卡通动物造型 可折叠 轻便防水 儿童房玩具衣物收纳两用 多款可选
桌面数据线收纳盒带盖多功能集线器,家居收纳,19.9,小红书,8900,4.5,一体式集线设计 可收纳5-8根数据线 带盖防尘 小巧不占桌面 办公桌必备好物
桌面数据线收纳盒大号多层充电站集线器,家居收纳,35.0,抖音,11200,4.6,大号多层设计 可同时放手机充电 集线收纳二合一 带盖防尘 桌面整洁神器
桌面数据线收纳盒带手机支架款多功能集线器,家居收纳,25.0,拼多多,10500,4.4,收纳+手机支架二合一 带盖防尘 多槽设计 办公桌追剧两不误
遮光魔术贴窗帘免打孔安装隔热遮阳帘,家居收纳,45.0,拼多多,13600,4.4,魔术贴免打孔安装 全遮光面料 隔热防晒 可裁剪定制尺寸 出租屋神器
遮光魔术贴窗帘加厚双层隔音隔热遮阳帘,家居收纳,59.0,抖音,9800,4.5,加厚双层面料 遮光+隔音+隔热三效合一 魔术贴免打孔 可裁剪定制
遮光魔术贴窗帘儿童房卡通图案隔热遮阳帘,家居收纳,52.0,小红书,7600,4.7,卡通图案设计 全遮光隔热 魔术贴免打孔 儿童房专用 可裁剪 多图案可选
遮光魔术贴窗帘飘窗专用弧形隔热遮阳帘,家居收纳,55.0,拼多多,11500,4.4,飘窗弧形专用设计 魔术贴免打孔 全遮光隔热 可裁剪 出租屋飘窗神器
厨房水槽沥水篮可伸缩挂式收纳架,厨房收纳,42.0,抖音,22300,4.8,可伸缩设计适配不同水槽 不锈钢材质防锈 挂式沥水不占台面 带筷子筒刀架 厨房收纳神器
厨房水槽沥水篮吸盘固定式不锈钢沥水架,厨房收纳,35.0,拼多多,18600,4.6,吸盘固定款 不锈钢材质 免打孔安装 带筷子筒 洗碗布沥水一步到位
厨房水槽沥水篮双层大容量可伸缩置物架,厨房收纳,55.0,抖音,16200,4.7,双层设计容量翻倍 可伸缩适配水槽 不锈钢材质 带刀架筷子筒砧板架
厨房水槽沥水篮折叠款便携出租屋用沥水架,厨房收纳,28.0,拼多多,13800,4.5,可折叠收纳不占空间 轻便塑料材质 出租屋学生宿舍专用 性价比之选
冰箱磁吸收纳架侧壁置物架多层储物,厨房收纳,28.9,抖音,16700,4.6,强磁吸附稳固不掉 多层分区收纳 保鲜膜纸巾调料瓶通通上墙 释放台面空间
冰箱磁吸收纳架加宽款三层侧壁置物架,厨房收纳,38.0,拼多多,14200,4.5,加宽三层设计 强磁吸附 可放砧板锅盖 承重15kg 冰箱侧壁空间利用
冰箱磁吸收纳架带挂钩款多功能储物架,厨房收纳,32.0,抖音,12500,4.7,带挂钩可挂厨具 强磁吸附 多层收纳 保鲜膜纸巾调料瓶收纳 厨房墙面利用
冰箱磁吸收纳架微波炉置物架通用磁吸款,厨房收纳,45.0,小红书,9800,4.6,微波炉上方置物 强磁吸附冰箱侧壁 承重强 释放台面空间 小厨房必备
免打孔吸盘置物架浴室壁挂三角架,浴室用品,25.0,拼多多,19800,4.5,强力吸盘免打孔 三角设计利用墙角空间 承重5kg 放洗发水沐浴露 浴室必备收纳
免打孔吸盘置物架浴室壁挂长方形双层架,浴室用品,32.0,抖音,17500,4.6,长方形双层设计 强力吸盘免打孔 承重8kg 大瓶沐浴露洗发水轻松放
免打孔吸盘置物架浴室转角落地三角架,浴室用品,45.0,拼多多,15200,4.4,落地式转角三角架 免打孔免吸盘 稳固不摇晃 多层收纳 租房族首选
免打孔吸盘置物架带牙刷架牙膏架浴室套装,浴室用品,28.0,抖音,13300,4.7,置物架+牙刷架+牙膏架三件套 强力吸盘免打孔 浴室收纳一步到位
防滑浴室地垫吸水速干硅藻泥脚垫,浴室用品,39.0,抖音,14200,4.7,硅藻泥材质5秒速干吸水 防滑底面安全可靠 可冲洗易清洁 浴室门口卧室均可使用
防滑浴室地垫大尺寸60x40cm硅藻泥脚垫,浴室用品,55.0,小红书,11200,4.8,加大尺寸60x40cm 硅藻泥速干吸水 防滑底面 浴室门口专用 简约纯色
防滑浴室地垫软硅藻泥可裁剪异形脚垫,浴室用品,35.0,拼多多,16800,4.5,软硅藻泥可自由裁剪 异形设计适配各种空间 防滑速干 易清洁可水洗
防滑浴室地垫石材纹硅藻泥吸水速干脚垫,浴室用品,42.0,抖音,12800,4.6,天然石材纹理 高颜值 硅藻泥速干吸水 防滑安全 提升浴室格调
儿童冰丝防晒衣男童女童UPF50+透气外套,母婴,59.0,抖音,9800,4.9,儿童专属冰丝面料 UPF50+防晒 透气不闷热 轻薄便携可折叠 3-12岁多码可选
儿童冰丝防晒衣连帽款男童女童UPF50+皮肤衣,母婴,65.0,拼多多,11200,4.8,连帽设计防护更全面 UPF50+ 冰丝透气 轻薄可折叠 儿童户外防晒必备
儿童冰丝防晒衣亲子装母女同款UPF50+,母婴,69.0,小红书,7600,4.9,亲子款设计 妈妈+女童同款 UPF50+冰丝面料 拍照好看 户外出行必备
儿童冰丝防晒衣婴儿款0-3岁UPF50+连体防晒服,母婴,55.0,抖音,8500,4.7,婴儿专属0-3岁 UPF50+ 连体设计全身防护 冰丝面料柔软亲肤 轻薄透气
婴儿硅胶辅食分格盒冷冻辅食储存盒,母婴,35.0,小红书,7600,4.8,食品级硅胶材质 四分格设计 可冷冻可微波 带密封盖防漏 宝宝辅食必备工具
婴儿硅胶辅食分格盒六格加大容量储存盒,母婴,42.0,抖音,9200,4.7,六分格设计容量更大 食品级硅胶 可冷冻可微波 带密封盖 辅食多样化储存
婴儿硅胶辅食分格盒带刻度定量辅食盒,母婴,38.0,拼多多,10800,4.6,带刻度精准定量 食品级硅胶 四分格 可冷冻可微波 科学喂养好帮手
婴儿硅胶辅食分格盒花瓣造型辅食模具套装,母婴,45.0,小红书,6500,4.9,花瓣造型高颜值 食品级硅胶 六分格 可冷冻可微波 送礼自用两相宜
宠物冰丝降温垫狗狗夏天凉席猫窝垫子,宠物用品,29.9,抖音,11300,4.6,冰丝面料物理降温 无需注水无需充电 可水洗机洗 防抓耐磨 猫狗通用夏季消暑神器
宠物冰丝降温垫加大号L号大型犬狗凉席垫,宠物用品,45.0,拼多多,13500,4.5,加大L号大型犬专用 冰丝降温面料 物理降温无需充电 防抓耐磨可水洗
宠物冰丝降温垫可折叠便携外出款狗凉垫,宠物用品,25.0,抖音,9800,4.6,可折叠便携设计 外出遛狗野餐携带方便 冰丝降温 猫狗通用 夏季必备
宠物冰丝降温垫双面可用凝胶+冰丝狗凉席垫,宠物用品,39.0,小红书,8900,4.7,双面设计凝胶面+冰丝面 降温效果加倍 物理降温无需充电 防抓耐咬
宠物免洗清洁手套猫咪狗狗干洗手套,宠物用品,19.9,小红书,8400,4.4,植物萃取温和不刺激 免水洗免冲洗 一擦即净 去除异味皮屑 外出遛狗回家必备
宠物免洗清洁手套加大加厚款猫咪狗狗专用,宠物用品,25.0,抖音,10200,4.5,加大加厚手套 植物萃取 免水洗 一擦即净 去除异味 长毛猫狗友好
宠物免洗清洁手套狗狗专用除臭加强款,宠物用品,22.0,拼多多,11500,4.3,除臭加强配方 植物萃取温和 免水洗 专为狗狗设计 去除体味皮屑 遛狗必备
宠物免洗清洁手套猫咪专用防静电柔顺款,宠物用品,23.0,小红书,7800,4.6,猫咪专用 防静电柔顺毛发 植物萃取免水洗 去除浮毛异味 猫主子友好
便携式手持小风扇USB充电迷你静音风扇,数码电器,29.9,拼多多,25600,4.5,USB充电1200mAh续航8小时 3档风速 超静音设计 折叠便携 学生办公户外必备
便携式手持小风扇挂脖免手持USB充电风扇,数码电器,39.0,抖音,21500,4.6,挂脖免手持设计 USB充电 3档风速 超静音 解放双手 通勤户外神器
便携式手持小风扇喷雾加湿款USB充电风扇,数码电器,35.0,拼多多,18900,4.4,喷雾加湿二合一 USB充电 3档风速 纳米喷雾降温 夏季户外消暑神器
便携式手持小风扇大容量6000mAh长续航风扇,数码电器,45.0,抖音,13200,4.7,6000mAh超大容量续航24小时 USB充电可当充电宝 3档风速 户外必备
无线蓝牙耳机降噪长续航2026新款,数码电器,89.0,抖音,31200,4.7,蓝牙5.3芯片 40小时超长续航 ANC主动降噪 入耳式舒适佩戴 IPX5防水 运动通勤首选
无线蓝牙耳机半入耳式轻量舒适长续航2026款,数码电器,69.0,拼多多,28500,4.6,半入耳式轻量设计 蓝牙5.3 30小时续航 舒适佩戴不胀痛 通勤办公首选
无线蓝牙耳机头戴式重低音游戏电竞耳机,数码电器,129.0,抖音,16800,4.5,头戴式重低音 蓝牙5.3 50小时续航 游戏低延迟模式 电竞RGB灯效 沉浸体验
无线蓝牙耳机开放式不入耳气传导运动耳机,数码电器,109.0,小红书,12500,4.8,开放不入耳设计 气传导技术 运动安全感知环境 蓝牙5.3 IPX6防水 跑步骑行首选
全自动折叠晴雨伞防晒防紫外线遮阳伞,日用百货,39.9,拼多多,18900,4.6,UPF50+防晒涂层 晴雨两用 一键自动开合 加固防风骨架 折叠后仅20cm 随身携带
全自动折叠晴雨伞加大双人款防晒防紫外线,日用百货,49.0,抖音,16500,4.7,加大双人伞面 UPF50+防晒 一键自动开合 防风加固骨架 情侣双人出行必备
全自动折叠晴雨伞迷你五折款超轻遮阳伞,日用百货,35.0,小红书,14200,4.8,迷你五折设计折叠仅15cm 超轻180g UPF50+防晒 一键开合 随身包包必备
全自动折叠晴雨伞反向收伞不湿车款遮阳伞,日用百货,55.0,抖音,13200,4.6,反向收伞设计 雨水不外溅 不湿车不湿衣 UPF50+防晒 一键自动开合
不锈钢保温杯大容量1000ml便携水壶,日用百货,49.0,抖音,15400,4.8,316不锈钢内胆 12小时保温8小时保冷 1000ml大容量 食品级硅胶密封圈 户外办公健身通用
不锈钢保温杯智能数显温度款大容量水壶,日用百货,65.0,拼多多,13200,4.6,杯盖LED数显温度 316不锈钢内胆 1000ml大容量 12小时保温 智能科技感十足
不锈钢保温杯迷你便携款350ml口袋保温杯,日用百货,35.0,小红书,11200,4.7,迷你350ml口袋款 316不锈钢 8小时保温 轻便随身 口红大小 包包必备
不锈钢保温杯运动款带吸管1000ml大容量水壶,日用百货,55.0,抖音,14800,4.7,运动款带吸管 316不锈钢 1000ml 12小时保温 单手开盖 健身户外必备
纳米喷雾补水仪冷喷蒸脸器便携美容仪,美妆护肤,39.0,抖音,18500,4.6,纳米级冷喷补水 30秒出雾 充电便携 补水保湿定妆 办公室空调房必备
玻尿酸补水面膜30片装保湿修护面膜贴,美妆护肤,49.9,拼多多,32600,4.5,三重玻尿酸精华 30片大包装 补水保湿修护 轻薄蚕丝膜布 学生党平价面膜
烟酰胺亮肤精华液30ml祛黄提亮美白精华,美妆护肤,69.0,抖音,15800,4.7,5%烟酰胺精华 祛黄提亮 美白淡斑 清爽不黏腻 敏感肌可用 平价美白精华
氨基酸温和洁面乳120g深层清洁不紧绷洗面奶,美妆护肤,39.0,小红书,14200,4.8,氨基酸配方温和不刺激 泡沫绵密 深层清洁不紧绷 所有肤质适用
防晒霜SPF50+PA++++清爽不油腻全身防晒乳,美妆护肤,45.0,拼多多,28500,4.6,SPF50+高倍防晒 清爽不油腻 全身可用 防水防汗 夏季防晒必备
玻尿酸补水面膜补水保湿舒缓修护面膜10片装,美妆护肤,29.9,小红书,11500,4.7,玻尿酸精华补水 舒缓修护 轻薄膜布 10片便携装 出差旅行必备
定妆散粉控油持久蜜粉饼透明无色定妆粉,美妆护肤,49.0,抖音,16800,4.6,控油持久定妆 透明无色自然妆效 粉质细腻不卡粉 平价大碗 学生党闭眼入
温和卸妆水500ml大容量眼唇脸三合一卸妆液,美妆护肤,29.9,拼多多,22500,4.5,眼唇脸三合一 温和不刺激 500ml大容量 卸妆干净不残留 平价卸妆首选
润唇膏补水保湿防干裂淡化唇纹唇部护理,美妆护肤,15.0,抖音,35200,4.8,深层补水保湿 淡化唇纹 夜间修护唇膜 防干裂 男女通用 一年四季必备
补水保湿喷雾300ml大瓶装爽肤水定妆喷雾,美妆护肤,25.0,拼多多,19800,4.5,300ml大瓶装 补水保湿 妆前打底妆后定妆 空调房随时补水 全身可用
螺蛳粉正宗柳州特产螺狮粉整箱350gx5袋,食品饮料,39.9,拼多多,42500,4.7,正宗柳州螺蛳粉 350gx5袋整箱 酸辣鲜香 配料丰富 地道柳州味 速食米粉
无糖黑咖啡速溶美式纯黑咖啡粉50条装,食品饮料,29.9,抖音,28900,4.6,0糖0脂纯黑咖啡 50条独立包装 提神燃脂 冷热双泡 健身办公必备
坚果零食大礼包每日坚果混合装30小包,食品饮料,59.0,拼多多,35600,4.8,6种坚果+果干混合 30袋独立小包装 每日一袋 健康零食 孕妇儿童可食
0糖气泡水6口味混合装330mlx12罐,食品饮料,29.9,抖音,38500,4.6,0糖0脂0卡 6种口味混合装 330mlx12罐 清新解渴 减肥期快乐水替代品
全麦面包吐司无糖低脂代餐早餐1000g整箱,食品饮料,25.0,拼多多,45200,4.5,全麦无糖低脂 1000g整箱 代餐早餐 健身减脂必备 饱腹感强 学生党囤货
手撕牛肉干内蒙古风干牦牛肉干麻辣零食250g,食品饮料,35.0,抖音,28600,4.7,内蒙古风干牛肉 麻辣味250g 肉质紧实有嚼劲 高蛋白低脂 追剧零食
坚果混合装腰果巴旦木核桃仁夏威夷果500g,食品饮料,49.9,拼多多,31200,4.6,4种坚果混合500g 腰果巴旦木核桃夏威夷果 无添加原味 健康零食
冻干柠檬片蜂蜜柠檬茶泡水喝干柠檬片50片装,食品饮料,19.9,抖音,52300,4.8,冻干工艺锁鲜 50片独立包装 泡水即饮 美白补水 办公桌必备养生茶
酸奶果粒麦片即食代餐营养早餐燕麦片500g,食品饮料,29.0,小红书,16500,4.7,酸奶果粒+坚果+燕麦 即食代餐 营养早餐 干吃泡奶均可 减脂期好搭档
红枣枸杞阿胶糕即食补气血阿胶固元糕500g,食品饮料,59.0,抖音,22300,4.6,红枣枸杞阿胶糕 即食固元糕 补气血养颜 独立小包装 女性养生零食
瑜伽弹力带套装阻力带翘臀拉力绳健身套装,运动户外,29.9,抖音,23500,4.7,5件套弹力带+拉力绳+脚环 不同阻力值 翘臀瘦腿塑形 家庭健身必备 附教程
速干运动T恤男款夏季透气跑步健身短袖,运动户外,49.0,拼多多,18600,4.6,速干面料透气排汗 运动T恤 夏季跑步健身 简约百搭 多色可选
羽毛球拍双拍套装碳素成人儿童亲子球拍,运动户外,69.0,抖音,15200,4.7,碳素双拍套装 送6只羽毛球+球包 成人儿童通用 亲子运动 户外休闲
运动护膝半月板损伤护具篮球跑步登山护膝,运动户外,35.0,拼多多,19800,4.5,透气加压护膝 半月板保护 篮球跑步登山 运动防护 男女通用 一对装
跳绳中考专用计数跳绳成人儿童健身减肥绳,运动户外,19.9,拼多多,32500,4.7,电子计数 中考专用 成人儿童通用 钢丝绳芯耐磨 减肥健身 附收纳袋
户外运动腰包跑步手机腰包防水马拉松装备,运动户外,25.0,抖音,16800,4.6,防水面料 大容量可放手机 跑步马拉松骑行 贴身不晃动 男女通用
防晒冰袖女款防紫外线手臂套袖骑行开车护臂,运动户外,9.9,拼多多,52500,4.6,UPF50+防晒冰袖 冰凉降温 骑行开车户外防晒 男女通用 多色可选1双装
健腹轮自动回弹腹肌轮收腹健身器材家用,运动户外,39.0,抖音,21500,4.5,自动回弹健腹轮 初学者友好 腹肌训练收腹 居家健身 送跪垫 男女通用
中性笔速干按动签字笔学生用考试黑色水笔0.5mm,文具办公,9.9,拼多多,62500,4.7,速干不晕染 按动设计方便 0.5mm子弹头 学生考试刷题必备 办公书写 12支装
活页笔记本B5可拆卸加厚方格本简约记事本,文具办公,15.0,抖音,18500,4.8,B5活页可拆卸 加厚120页 方格内页 可替换芯 学生考研考公笔记本
ins风水彩笔双头软头马克笔手账涂鸦彩色笔,文具办公,29.9,小红书,13500,4.7,双头软头设计 30色水彩马克笔 ins风手账涂鸦 学生画画 送礼自用
透明笔盒大容量ins风多功能铅笔盒文具收纳盒,文具办公,12.0,拼多多,35200,4.6,透明高颜值ins风 大容量可放30+笔 多功能分格 学生铅笔盒 考试专用
标签打印机迷你便携蓝牙热敏标签机,文具办公,49.0,抖音,12500,4.5,迷你便携 蓝牙连接手机APP编辑 热敏打印无需墨水 收纳分类标记好帮手
索引贴透明便利贴标签纸荧光标记贴学生用,文具办公,6.9,拼多多,48500,4.7,透明材质不遮挡文字 荧光多色 可重复粘贴 学生课本标记 办公文件分类
静音挂钟客厅家用简约ins风时钟卧室挂表,家居收纳,29.9,拼多多,22500,4.6,静音扫秒机芯 简约ins风 12英寸 客厅卧室通用 多色可选 挂钟必备
LED台灯护眼学习专用床头书桌阅读灯,数码电器,59.0,抖音,28500,4.7,LED护眼无频闪 三档色温可调 可折叠便携 学生宿舍书桌阅读灯 充插两用
一次性懒人抹布干湿两用可水洗厨房抹布50片,厨房收纳,9.9,拼多多,56500,4.6,干湿两用 可水洗反复使用3-5次 50片装 厨房清洁神器 用完即扔懒人必备
保鲜盒套装冰箱收纳盒带盖微波炉可加热10件套,厨房收纳,29.9,抖音,32500,4.7,食品级PP材质 10件套 可微波可冷冻 密封防漏 冰箱收纳神器
大容量笔袋ins风简约帆布文具盒学生用,文具办公,15.0,拼多多,28500,4.7,帆布材质大容量 简约ins风 可放50+支笔 学生考试收纳袋 多色可选
按动荧光笔6色套装淡色系标记重点笔,文具办公,9.9,抖音,38500,4.8,6色淡色系荧光笔 按动设计单手操作 不洇纸 学生课本标记重点必备
A4文件夹板夹竖式资料夹写字板办公用品,文具办公,8.0,拼多多,42500,4.6,A4竖式文件夹 金属夹牢固 可挂墙 办公文件收纳 学生试卷整理
修正带替芯装6个装学生用静音顺滑涂改带,文具办公,7.9,拼多多,52500,4.7,6个装替芯 静音滚轮 顺滑不断带 学生考试刷题必备 性价比之选
手账贴纸套装复古盐系ins风日记装饰贴画,文具办公,12.0,小红书,18500,4.8,复古盐系ins风 6张套装 手账日记装饰 防水材质 学生手工必备
考试专用2B涂卡笔套装自动铅笔答题卡铅笔,文具办公,5.9,拼多多,68500,4.7,考试专用2B涂卡笔 自动出芯 送橡皮+笔芯 中高考必备 3支装
桌面洞洞板置物架免打孔墙上收纳挂板,文具办公,25.0,抖音,13500,4.6,洞洞板免打孔安装 桌面墙面两用 配件齐全 办公文具收纳神器
静音计时器学生学习专用倒计时番茄钟,文具办公,19.9,抖音,22500,4.7,静音计时 LED大屏显示 番茄工作法 学生刷题考研倒计时 磁吸可站立
推拉橡皮擦小学生专用干净不留痕少屑橡皮,文具办公,4.9,拼多多,58500,4.7,推拉式设计 干净少屑 不留痕迹 小学生专用 大容量一块用一学期
莫兰迪色中性笔0.5mm按动签字笔高颜值套装,文具办公,16.0,小红书,25500,4.8,莫兰迪色系8色套装 0.5mm子弹头 高颜值ins风 顺滑速干 学生办公
A5活页本替芯方格横线空白内芯纸60页装,文具办公,6.9,拼多多,38500,4.6,A5活页替芯 方格+横线+空白三种可选 60页装 纸质顺滑不洇墨
桌面收纳抽屉式笔架多层透明文具分类盒,文具办公,22.0,抖音,16800,4.7,抽屉式多层设计 透明可视 分类收纳 桌面文具整理 办公桌必备
手账和纸胶带套装复古风10卷入坑基础款,文具办公,15.0,小红书,14500,4.8,10卷套装和纸胶带 复古基础款 手账入坑必备 可撕可贴不残胶
伸缩书立架大容量可调节学生桌面书架,文具办公,18.0,拼多多,19500,4.6,可伸缩调节长度 大容量放30+本书 铁艺稳固 学生桌面课桌书架
错题打印机迷你便携蓝牙热敏错题本神器,文具办公,59.0,抖音,13500,4.7,迷你便携蓝牙连接 热敏打印 学生错题整理神器 送10卷打印纸
线圈笔记本A5简约网格本学生考研记事本,文具办公,9.9,拼多多,32500,4.7,A5线圈本 网格内页  PU封面防水 可平摊180° 学生记笔记首选
自粘性索引贴便利贴透明标签纸分类贴,文具办公,5.0,拼多多,45500,4.6,自粘透明标签 可书写可标记 分类索引 课本笔记本必备 120枚装
铅笔刀电动卷笔刀小学生全自动削笔器,文具办公,35.0,抖音,12500,4.7,全自动电动削笔 粗细可调 安全童锁 小学生专用 充电款持久续航
多色按动圆珠笔中油笔学生用彩色油笔套装,文具办公,11.0,拼多多,28500,4.6,12色套装按动圆珠笔 中油笔顺滑书写 学生笔记手账 彩色标记
瑜伽垫加厚防滑初学者健身垫子家用运动垫,运动户外,39.0,抖音,22500,4.7,NBR材质加厚10mm 防滑双面可用 初学者瑜伽健身 送收纳绑带
跑步腰包男女款防水手机袋运动腰带,运动户外,22.0,拼多多,18500,4.6,防水面料 大容量放6.7寸手机 跑步马拉松骑行 夜跑反光条设计
登山杖折叠超轻铝合金户外徒步拐杖手杖,运动户外,49.0,抖音,10800,4.7,7075铝合金超轻 折叠便携 伸缩调节 户外徒步登山 送杖尖保护套
臂包运动手机臂套男女跑步手臂包防水,运动户外,15.0,拼多多,28500,4.5,防水触屏臂包 适用5-7寸手机 跑步健身 反光条夜跑安全 透气不闷
运动水杯大容量1000ml刻度水壶健身水杯,运动户外,25.0,抖音,32500,4.7,食品级PC材质 1000ml大容量 刻度线提醒饮水 弹跳盖单手开 健身必备
筋膜枪迷你按摩枪肌肉放松电动按摩器,运动户外,79.0,抖音,15200,4.6,迷你便携筋膜枪 6档调节4个按摩头 深层放松肌肉 Type-C充电 运动恢复
骑行手套男女夏季透气减震公路车手套,运动户外,29.0,拼多多,12500,4.7,透气网眼面料 掌心硅胶减震垫 公路车山地车通用 夏季骑行必备
速干毛巾超细纤维吸水运动毛巾便携,运动户外,19.0,抖音,16500,4.6,超细纤维速干 吸水性强 便携带收纳盒 跑步健身游泳 轻量仅80g
哑铃女士家用健身器材小重量哑铃一对,运动户外,45.0,拼多多,18500,4.5,女士小重量哑铃1-3kg可选 浸塑包胶不伤地板 家用健身塑形 一对装
运动护腕扭伤防护篮球羽毛球手腕护具,运动户外,18.0,拼多多,14500,4.6,弹力加压护腕 运动扭伤防护 篮球羽毛球健身 透气排汗 男女通用
遮阳帽女夏季大帽檐防晒帽户外骑车帽,运动户外,29.0,抖音,42500,4.7,UPF50+大帽檐防晒 可折叠便携 骑车钓鱼户外 防风绳设计 多色可选
髌骨带护膝半月板损伤跑步篮球护膝带,运动户外,22.0,拼多多,16500,4.5,髌骨加压带 半月板保护 跑步篮球运动护膝 透气弹力 一对装
游泳镜防水防雾高清大框男女成人泳镜,运动户外,35.0,抖音,13500,4.6,大框高清防雾 防水不漏水 硅胶舒适密封 成人儿童通用 送鼻夹耳塞
弹力绳套装家用健身拉力绳弹力带组合,运动户外,26.0,拼多多,22500,4.6,5条不同阻力弹力绳 家用健身塑形 门扣+脚环配件齐全 附训练教程
运动毛巾冷感速干挂脖降温毛巾跑步户外,运动户外,15.0,抖音,28500,4.5,冷感面料遇水即凉 挂脖设计方便携带 跑步户外降温 速干透气
护踝运动护具脚踝扭伤防护篮球袜套,运动户外,25.0,拼多多,12500,4.6,弹力加压护踝 足弓支撑 篮球崴脚防护 轻薄透气可穿鞋内 一对装
羽毛球拍单拍超轻耐打碳素进阶训练球拍,运动户外,89.0,小红书,9800,4.8,全碳素材质超轻85g 进阶训练款 送拍线+手胶 攻守兼备 适合进阶
浴室防滑垫淋浴房洗澡防滑地垫卫生间垫,浴室用品,22.0,拼多多,32500,4.6,TPE材质防滑 底部吸盘固定 淋浴房洗澡专用 可机洗 多种尺寸可选
吸盘挂钩免打孔强力承重卫生间浴室挂钩,浴室用品,8.9,拼多多,52500,4.5,强力吸盘免打孔 单个承重5kg 防水防潮 浴室挂毛巾浴球 可重复使用
浴室镜前灯LED防水防雾卫生间壁灯,浴室用品,45.0,抖音,12500,4.6,LED防水防雾 三档色温可调 镜前补光化妆 免打孔粘贴安装 卫生间专用
沐浴露按压瓶壁挂式洗发水沐浴液分装瓶,浴室用品,18.0,抖音,28500,4.7,壁挂式免打孔 按压出液不浪费 大口径易灌装 洗发水沐浴露分装 3个装
卫生间纸巾盒防水壁挂式厕纸盒带置物架,浴室用品,25.0,拼多多,22500,4.6,壁挂防水纸巾盒 顶部置物架放手机 免打孔安装 带手机槽 卫生间必备
搓澡刷长柄软毛沐浴刷洗澡后背刷子,浴室用品,15.0,抖音,35500,4.7,长柄45cm轻松搓后背 超软毛不伤皮肤 沐浴刷干湿两用 去角质清洁
马桶坐垫四季通用防水粘贴式马桶圈垫,浴室用品,12.0,拼多多,38500,4.5,防水PU材质 粘贴式固定不滑动 四季通用 易清洁一抹即净 多色可选
浴室拖鞋架壁挂式免打孔晾鞋架卫生间,浴室用品,16.0,抖音,18500,4.6,壁挂免打孔 可放3-4双拖鞋 沥水设计不积水 卫生间浴室门后收纳
化妆镜壁挂折叠伸缩双面放大镜浴室镜,浴室用品,55.0,小红书,12500,4.7,双面镜一面正常一面3倍放大 可折叠伸缩 壁挂免打孔 化妆修容清晰
增压花洒喷头过滤除氯节水淋浴花洒头,浴室用品,29.0,抖音,42500,4.7,增压出水强劲 三重过滤除氯 节水30% 一键止水开关 通用接口即装即用
浴室转角架免打孔墙角三角收纳置物架,浴室用品,28.0,拼多多,22500,4.5,墙角三角设计 免打孔强力粘贴 多层收纳 放洗发水沐浴露 利用转角空间
牙刷架壁挂式免打孔漱口杯架套装,浴室用品,19.0,抖音,26500,4.7,壁挂免打孔 紫外线消毒款可选 牙刷+漱口杯收纳 带挤牙膏器 浴室套装
卫生间垃圾桶带盖窄缝按压式防水厕纸桶,浴室用品,25.0,拼多多,18500,4.5,窄缝设计宽仅15cm 按压开盖 防水防潮 内置压圈固定垃圾袋 卫生间专用
搓脚板磨脚石去死皮修脚器电动磨脚,浴室用品,35.0,抖音,15500,4.5,电动磨脚 两档力度可调 防水可水洗 去死皮老茧 送替换磨头 足部护理
浴帘杆免打孔伸缩杆不锈钢浴帘挂杆,浴室用品,28.0,拼多多,13500,4.6,免打孔伸缩调节110-200cm 不锈钢材质防锈 承重10kg 浴帘挂杆晾衣两用
硅藻土皂托吸水速干香皂盒肥皂架,浴室用品,12.0,抖音,31500,4.7,硅藻土材质吸水速干 香皂不泡软 可水洗清洁 简约纯色 浴室台面整洁
电热毛巾架小型壁挂式烘干除菌毛巾架,浴室用品,89.0,抖音,8500,4.7,碳纤维发热 快速烘干毛巾 紫外线除菌 壁挂免打孔 定时关机 卫生间神器
婴儿口水巾纯棉纱布围兜新生儿口水围嘴,母婴,19.0,拼多多,38500,4.8,6层纯棉纱布 柔软亲肤 A类标准 360°旋转围嘴 新生儿可用 5条装
儿童保温杯316不锈钢吸管杯防摔水壶,母婴,59.0,抖音,22500,4.8,316不锈钢内胆 带吸管+直饮双盖 防摔外壳 12小时保温 3-12岁适用
婴儿洗澡网兜浴网新生儿可躺浴架防滑,母婴,25.0,拼多多,16500,4.7,3D网布透气速干 可躺可坐 新生儿防滑浴架 0-18个月适用 洗澡神器
儿童拖鞋夏季防滑软底室内家居浴室凉拖,母婴,15.0,拼多多,28500,4.6,EVA软底防滑 卡通造型可爱 室内浴室两穿 15-25cm多码 宝宝最爱
一次性婴儿隔尿垫护理台防水透气尿垫,母婴,19.0,拼多多,42500,4.7,一次性隔尿垫50片装 防水PE底膜 柔软表层 换尿布护理台必备 外出便携
儿童水杯吸管杯防漏防摔幼儿园饮水杯,母婴,29.0,抖音,32500,4.7,Tritan材质防摔 防漏吸管杯 V型咬合出水 幼儿园专用 280ml 多色可选
婴儿推车凉席冰丝透气3D透气网眼坐垫,母婴,25.0,抖音,15500,4.7,3D透气网眼+冰丝面料 婴儿推车通用 凉而不冰 可水洗 夏季宝宝出行必备
儿童筷子训练筷学吃饭宝宝练习筷套装,母婴,16.0,拼多多,32500,4.7,三段式训练筷 硅胶指环柔软不伤手 学吃饭神器 2-6岁适用 可爱造型
宝宝牙刷婴幼儿硅胶指套牙刷口腔清洁,母婴,9.9,抖音,35500,4.6,食品级硅胶指套牙刷 0-3岁婴幼儿专用 柔软不伤牙龈 口腔清洁护理 2只装
妈咪包双肩外出轻便大容量妈妈背包,母婴,69.0,小红书,12500,4.8,大容量多分区 干湿分离 防水防污面料 带奶瓶保温袋 轻便妈咪双肩包
儿童雨衣防水带书包位可折叠男女学生雨披,母婴,39.0,拼多多,18500,4.6,EVA防水材质 带书包位大空间 可折叠收纳 3-12岁 S-XXL多码可选
婴儿理发器超静音儿童电推剪宝宝剃头刀,母婴,49.0,抖音,13500,4.7,超静音低噪 陶瓷刀头不伤皮肤 全身水洗 婴儿儿童成人通用 送理发工具
儿童泳衣女童连体防晒速干泳装宝宝泳衣,母婴,45.0,拼多多,12500,4.7,UPF50+防晒面料 速干透气 连体设计 拉链穿脱方便 3-12岁 可爱印花
婴儿洗衣液宝宝专用抑菌除螨新生儿洗衣液,母婴,29.0,抖音,28500,4.8,植物酵素配方 抑菌除螨 无荧光剂磷 新生儿可用 1L补充装 温和不伤手
防撞条宝宝桌角保护婴儿防护条墙角包边,母婴,12.0,拼多多,25500,4.6,加厚高密NBR材质 自粘式安装 桌角墙角防护 宝宝学步防撞 5米装
儿童防走失手环牵引绳宝宝遛娃防丢神器,母婴,25.0,抖音,16500,4.7,弹力螺旋连接线 手腕式舒适佩戴 防走失防丢 商场户外遛娃神器 1-6岁
宝宝餐盘分格硅胶吸盘碗防摔儿童餐具,母婴,35.0,小红书,18500,4.8,食品级硅胶 三分格设计 底部吸盘固定防打翻 可微波可洗碗机 6个月+
猫抓板耐磨不掉屑瓦楞纸猫窝一体磨爪器,宠物用品,19.0,拼多多,35500,4.7,高密度瓦楞纸耐磨不掉屑 猫窝+磨爪二合一 可替换芯 大号适合多猫家庭
狗狗饮水机自动循环过滤宠物喝水器,宠物用品,49.0,抖音,22500,4.7,活性炭过滤循环活水 3L大容量 超静音水泵 防干烧保护 猫狗通用饮水机
宠物指甲剪猫咪狗狗剪指甲刀专用指甲钳,宠物用品,15.0,拼多多,28500,4.6,不锈钢刀头锋利耐用 LED灯照血线 安全防剪伤 猫狗通用 送磨甲锉
狗狗胸背带防爆冲小型犬遛狗绳牵引绳,宠物用品,25.0,抖音,25500,4.6,防爆冲胸背设计 透气网眼不闷热 反光条夜遛安全 小型犬专用 XS-L码
猫咪梳子去浮毛针梳宠物梳毛器狗狗通用,宠物用品,12.0,拼多多,38500,4.7,不锈钢针梳 一键除毛 去浮毛不伤皮肤 猫狗通用 按摩梳毛两用 好清洗
宠物尿垫狗狗尿片加厚吸水除臭尿不湿,宠物用品,22.0,拼多多,52500,4.5,加厚5层吸水锁水 除臭抑菌 不漏不渗 50片装 S-L多尺寸 狗狗尿垫
猫砂盆半封闭防外溅大号猫厕所带铲子,宠物用品,39.0,拼多多,28500,4.5,半封闭设计防外溅 抽屉式清理方便 大号适合肥猫 送猫砂铲 多色可选
狗狗玩具耐咬磨牙球互动发声宠物玩具,宠物用品,13.0,抖音,32500,4.6,天然橡胶耐咬 内置发声器 互动玩耍磨牙洁齿 中小型犬适用 趣味刺突设计
宠物剃毛器狗狗猫咪电推剪静音剃毛刀,宠物用品,45.0,抖音,15500,4.6,陶瓷刀头+不锈钢刀头双配 超静音低震动 全身水洗 USB充电 猫狗通用
猫爬架大型猫树猫抓柱多层猫架子通天柱,宠物用品,99.0,抖音,10500,4.7,多层猫爬架 剑麻缠绕猫抓柱 大平台大吊床 加厚底板稳固不晃 胖猫可用
宠物湿巾宠物专用清洁湿巾除臭杀菌擦脚,宠物用品,9.9,拼多多,48500,4.6,宠物专用弱酸配方 除臭杀菌 外出回家擦脚擦身 100抽大包 猫狗通用
狗狗慢食碗防噎宠物饭碗缓食陶瓷狗碗,宠物用品,28.0,抖音,18500,4.7,陶瓷材质安全健康 迷宫凸起设计缓食防噎 防滑底部 中小型犬专用 好清洗
猫砂豆腐砂混合砂除臭结团可冲厕所,宠物用品,19.0,拼多多,42500,4.5,豆腐+膨润土混合猫砂 除臭结团快 可直接冲厕所 无尘低敏 6L装
宠物推车可折叠猫咪狗狗外出推车手推车,宠物用品,159.0,小红书,6500,4.8,可折叠收纳 透气网窗 承重15kg 小型犬猫咪外出神器 前后轮避震 高颜值
狗狗益智嗅闻垫藏食玩具漏食毯子,宠物用品,22.0,抖音,14500,4.6,嗅闻垫藏食设计 消耗精力防拆家 益智训练 可机洗 中小型犬适用
宠物背包猫咪外出太空舱透明双肩猫包,宠物用品,55.0,小红书,12500,4.7,透明太空舱设计 透气网孔 可扩展空间 双肩背减轻负担 猫狗适用 颜值高
狗狗洁齿骨磨牙棒除口臭清新口气零食,宠物用品,15.0,拼多多,38500,4.6,天然牛皮+蔬菜配方 磨牙洁齿除口臭 耐咬耐啃 中小型犬适用 10支装
雨伞长柄超大号抗风加固商务直柄伞,日用百货,39.0,拼多多,22500,4.6,超大伞面双人可用 防风加固骨架 一键自动开合 商务直柄 暴雨专用
充电宝20000mAh大容量超薄便携移动电源,日用百货,79.0,抖音,28500,4.6,20000mAh大容量 双USB输出 超薄便携 可上飞机 智能数显电量 手机通用
拖鞋女夏季室内防滑软底居家浴室凉拖,日用百货,15.0,拼多多,52500,4.5,EVA软底防滑 轻便舒适不臭脚 浴室室内两穿 多色可选 36-41码
收纳箱塑料大号带盖衣服整理箱储物箱,日用百货,29.0,拼多多,42500,4.6,PP材质加厚 带盖防尘 可叠放省空间 大号60L 衣服被子收纳 多色可选
晾衣架落地折叠室内阳台晒衣架双杆,日用百货,49.0,抖音,18500,4.5,不锈钢双杆落地晾衣架 可折叠收纳 承重30kg 室内阳台两用 带万向轮
一次性纸杯加厚防烫办公家用饮水杯100只,日用百货,9.9,拼多多,62500,4.5,加厚淋膜纸杯 防烫不软杯 100只装 办公家用饮水待客 280ml标准容量
桌面手机支架可调节折叠升降懒人支架,日用百货,15.0,抖音,35500,4.6,铝合金材质稳固 多角度可调 折叠便携 追剧直播网课 通用所有手机平板
保温饭盒多层便携上班族便当盒保温桶,日用百货,49.0,拼多多,18500,4.6,3层分格304不锈钢内胆 6小时保温 上班族带饭神器 防漏密封 大容量2L
粘毛器滚筒可撕式替换粘尘滚刷除毛器,日用百货,9.9,抖音,52500,4.7,可撕式粘毛滚筒 替换装6卷 除毛除尘 衣服沙发地毯通用 养宠家庭必备
放大镜指甲剪老人专用大号防飞溅指甲刀,日用百货,16.0,拼多多,25500,4.6,带放大镜功能 老人专用 大号防飞溅收纳仓 指甲刀+趾甲剪套装
U型枕旅行枕记忆棉飞机高铁靠枕护颈枕,日用百货,29.0,抖音,18500,4.7,记忆棉慢回弹 U型护颈设计 旅行飞机高铁必备 带收纳袋 可水洗外套
真空压缩袋收纳袋加厚防潮衣物棉被压缩,日用百货,25.0,拼多多,38500,4.5,加厚PA+PE材质 防潮防霉 手泵+电泵通用 省80%空间 10件套装 换季必备
鞋架简易多层省空间家用门口鞋柜收纳架,日用百货,22.0,拼多多,45500,4.5,可拆卸自由组合 多层大容量 省空间设计 铁艺稳固 门口鞋柜收纳 4层装
指甲剪套装家用修甲工具指甲刀套装,日用百货,19.0,抖音,28500,4.7,不锈钢9件套装 指甲刀+修甲锉+死皮钳+耳勺 家用全套 便携收纳盒
挂钩强力粘胶免打孔壁挂门后衣服钩,日用百货,6.9,拼多多,58500,4.5,强力粘胶免打孔 单个承重10kg 门后墙壁玄关挂衣帽包包 防水不生锈 10个装
小夜灯智能感应人体自动开关床头灯,日用百货,19.0,抖音,32500,4.6,人体红外感应 人来即亮人走即灭 柔光不刺眼 可充电 走廊卫生间卧室通用
折叠购物车买菜拉车便携可爬楼手拉车,日用百货,59.0,拼多多,22500,4.6,可折叠收纳 万向轮顺滑静音 可爬楼梯 买菜拿快递神器 承重50kg 大妈最爱
眼线笔防水不晕染持久极细初学者眼线液笔,美妆护肤,25.0,抖音,36500,4.7,0.01mm极细笔尖 防水防汗不晕染 新手友好 速干持久一整天 棕色黑色可选
修眉刀片女用初学者安全防刮伤画眉神器,美妆护肤,6.9,拼多多,48500,4.6,安全防护网设计 防刮伤 锋利顺滑 新手修眉必备 10片装送眉卡 便携装
粉扑气垫粉饼扑不吃粉超软化妆海绵粉扑,美妆护肤,9.9,抖音,42500,4.6,超软不吃粉 干湿两用 上妆服帖自然 气垫粉底液通用 6个装 定期更换卫生
睫毛增长液滋养浓密纤长翘卷翘滋养液,美妆护肤,35.0,小红书,12500,4.5,植物精华滋养 浓密纤长卷翘 4周见效 温和不刺激 3ml便携装 每日睡前涂抹
遮瑕液遮瑕膏遮斑点痘印黑眼圈提亮,美妆护肤,29.0,抖音,28500,4.6,高遮瑕力不卡纹 遮斑点痘印黑眼圈 轻薄透气不厚重 3色可选 自带刷头
美妆蛋收纳架不锈钢透气防霉海绵粉扑架,美妆护肤,8.0,拼多多,22500,4.6,不锈钢材质防锈 镂空透气防霉 美妆蛋粉扑收纳 桌面整洁小巧好看
护发精油免洗修复毛躁柔顺干枯发质,美妆护肤,39.0,小红书,22500,4.7,摩洛哥坚果油精华 免洗修复 抚平毛躁干枯 柔顺光泽 70ml便携 发尾护理
双眼皮贴隐形透明自然无痕蕾丝网面,美妆护肤,6.9,拼多多,38500,4.5,透明隐形无痕 防水防汗持久 自然蕾丝网面 单面双眼皮 内双变外双 240贴
洗脸巾一次性纯棉加厚擦脸巾洁面柔巾,美妆护肤,15.0,拼多多,62500,4.7,纯棉加厚珍珠纹 干湿两用 不掉絮 擦脸卸妆多用 100抽大卷 比毛巾干净
发带洗脸敷面膜束发带珊瑚绒可爱头箍,美妆护肤,9.9,抖音,32500,4.7,珊瑚绒超柔软 束发敷面膜化妆 可爱兔耳造型 松紧可调不勒头 多色可选
唇膜淡化唇纹补水保湿去死皮唇部护理,美妆护肤,19.0,小红书,18500,4.7,夜间修护唇膜 淡化唇纹 去死皮 补水保湿 第二天嘴唇水润 15g装
眉笔防水防汗持久不脱色自然野生眉,美妆护肤,15.0,抖音,38500,4.7,双头设计眉笔+眉刷 防水防汗持久 三角笔芯易上手 自然野生眉 多色号
压缩面膜纸干面膜扣一次性水疗泡膜,美妆护肤,8.9,拼多多,35500,4.5,纯棉压缩面膜纸 省水省精华液 DIY水疗面膜 独立包装卫生 100粒大包装
发膜护发素深层修护干枯毛躁柔顺营养,美妆护肤,29.0,抖音,22500,4.6,角蛋白修护精华 深层滋养干枯发质 柔顺不打结 500ml大容量 家庭装
腮红自然裸妆哑光高光修容一体盘,美妆护肤,35.0,小红书,12500,4.8,一盘多用腮红+高光+修容 哑光自然裸妆 粉质细腻 显色自然 学生党平价
黑芝麻丸九蒸九晒手工黑芝麻球即食零食,食品饮料,29.0,抖音,28500,4.7,九蒸九晒传统工艺 手工黑芝麻球 即食零食 养发护发 独立包装 16粒装
酸辣粉桶装重庆正宗速食粉冲泡即食,食品饮料,19.9,拼多多,42500,4.5,重庆正宗酸辣粉 桶装冲泡即食 酸辣鲜香 6桶装整箱 学生宿舍夜宵必备
黑巧克力100%纯黑巧无糖苦巧克力,食品饮料,25.0,小红书,18500,4.7,100%纯黑巧克力 无糖无添加 可可脂含量高 健身减脂零食 独立小块包装
枸杞原浆宁夏鲜枸杞汁原液养生饮品,食品饮料,39.0,抖音,22500,4.7,宁夏头茬鲜枸杞 原浆原液不加水 30mlx10袋装 养肝明目 熬夜养生必备
牛肉干风干手撕牛肉干香辣五香零食,食品饮料,49.0,拼多多,22500,4.6,内蒙古风干牛肉 手撕即食 香辣+五香两种口味 高蛋白低热量 200g装
自热小火锅速食麻辣烫懒人自助火锅,食品饮料,29.9,拼多多,38500,4.5,自热免煮免电 15分钟即食 麻辣鲜香 多种食材搭配 学生宿舍办公室懒人火锅
黑咖啡速溶无糖燃脂美式浓缩咖啡液,食品饮料,35.0,抖音,32500,4.7,浓缩咖啡液独立胶囊包装 0糖0脂 冷热即溶 燃脂提神 30颗装 方便携带
荞麦面低脂无糖方便面免煮即食代餐,食品饮料,22.0,拼多多,28500,4.6,纯荞麦粉制作 低脂无糖 免煮开水冲泡即食 健身减脂代餐 10袋装
夏威夷果奶油味坚果炒货零食大包装500g,食品饮料,45.0,抖音,28500,4.7,奶油味夏威夷果 大颗粒开口易剥 500g家庭装 健康坚果零食 送开口器
红枣夹核桃仁独立小包装补血零食,食品饮料,29.0,拼多多,35500,4.7,新疆和田大枣+云南核桃仁 独立小包装 补血养颜 办公室健康零食 500g
柠檬无骨凤爪酸辣去骨鸡爪真空装,食品饮料,35.0,抖音,45500,4.6,手工去骨鸡爪 柠檬酸辣口味 Q弹爽口 真空独立小包装 开袋即食 下酒追剧
桂花酸梅汤料包古法酸梅汁冲泡饮品,食品饮料,15.0,拼多多,32500,4.7,古法酸梅汤料包 独立包装冲泡即饮 消暑解渴 夏季冷泡热泡均可 20包装
海苔夹心脆片芝麻夹心海苔儿童零食,食品饮料,19.0,抖音,38500,4.7,海苔+芝麻夹心烘烤非油炸 酥脆鲜香 儿童孕妇零食 独立小包 健康低卡
姜茶红糖姜枣茶姨妈期暖宫驱寒茶,食品饮料,22.0,拼多多,28500,4.7,红糖+生姜+红枣 独立小包装冲泡 姨妈期暖宫驱寒 女性养生必备 20条装
手撕面包整箱早餐营养办公室懒人零食,食品饮料,19.9,拼多多,52500,4.6,手撕软面包 独立小包装 早餐代餐 办公室零食 1000g整箱 学生党囤货必备
锅盖架壁挂式免打孔砧板架厨房置物架,厨房收纳,19.0,拼多多,28500,4.6,壁挂免打孔 可放3个锅盖+砧板 304不锈钢 承重稳固 释放台面空间
调料盒套装家用四格带盖盐味精糖罐,厨房收纳,15.0,拼多多,35500,4.6,四格分区 带盖防潮 塑料+玻璃可选 带小勺 厨房调味收纳 台面整洁
水槽过滤网一次性厨房洗碗池过滤漏网,厨房收纳,5.9,拼多多,68500,4.6,细密网眼过滤残渣 弹力套口适配不同水槽 用完即扔 100只装 懒人厨房必备
厨房剪刀多功能不锈钢强力剪鸡骨剪,厨房收纳,22.0,抖音,22500,4.7,德国不锈钢 多功能6合一 剪鸡骨剪蔬菜开瓶盖夹核桃 厨房神器 可拆卸清洗
米桶家用防潮防虫面粉储存桶五谷杂粮收纳,厨房收纳,35.0,拼多多,18500,4.6,食品级PP材质 防潮防虫 透明刻度可视余量 10kg容量 五谷杂粮面粉收纳
防烫夹取碗器厨房防烫手套端碗盘夹子,厨房收纳,8.9,抖音,38500,4.6,不锈钢防烫夹 蒸锅微波炉端碗盘 夹取稳固不打滑 耐高温 厨房防烫神器
厨房置物架多层落地微波炉架烤箱架子,厨房收纳,59.0,拼多多,16500,4.5,多层落地置物架 可放微波炉烤箱电饭煲 承重强 碳钢材质 厨房家电收纳
油壶玻璃防漏大容量厨房装油瓶调味罐,厨房收纳,16.0,抖音,38500,4.7,无铅玻璃 防漏油嘴设计 500ml大容量 刻度线控油 不挂油易清洗 2只装
一次性手套食品级PE加厚厨房透明手套,厨房收纳,5.9,拼多多,72500,4.5,食品级PE材质 加厚不易破 厨房做饭拌凉菜 200只装 家庭实惠装
抹布置物架壁挂式厨房水龙头沥水收纳,厨房收纳,14.0,抖音,22500,4.7,壁挂式水龙头上方安装 沥水快干不滋生细菌 可放抹布钢丝球 免打孔
洗碗巾不沾油竹纤维厨房抹布吸水洗碗布,厨房收纳,9.9,拼多多,48500,4.6,竹纤维材质不沾油 吸水性强 一冲即净 洗碗清洁抹布 10条装 可反复使用
多功能切菜器厨房刨丝器切片切丝神器,厨房收纳,25.0,抖音,35500,4.6,6种刀片自由切换 切片切丝切花 护手器防切手 大容量接菜盒 厨房备菜神器
厨房湿巾去油污一次性抹布油烟机清洁,厨房收纳,12.0,拼多多,48500,4.5,去油因子一擦即净 一次性使用卫生方便 油烟机灶台清洁 80抽大包装
塑料袋收纳袋垃圾袋收纳神器免打孔壁挂,厨房收纳,9.9,抖音,28500,4.6,免打孔壁挂式 大容量存50+个塑料袋 底部抽取方便 厨房整洁不乱 废物利用
蒸笼纸不粘圆形蒸包子馒头垫纸一次性,厨房收纳,5.0,拼多多,55500,4.6,硅油纸材质不粘不破 圆形适配蒸笼 蒸包子馒头饺子 100张装 一次性使用
收纳箱布艺可折叠衣柜衣服储物整理箱,家居收纳,22.0,拼多多,32500,4.6,牛津布+加厚钢架 可折叠收纳 大容量66L 衣柜衣服被子整理 透明可视窗口
门后挂钩免打孔挂衣架壁挂门背衣服架,家居收纳,12.0,拼多多,42500,4.5,门后免打孔挂钩 可直接挂在门上 多钩设计 挂衣服包包帽子 不伤门不变形
床底收纳箱扁平带轮衣物被子储物整理箱,家居收纳,35.0,抖音,22500,4.6,扁平设计放床底沙发底 带滑轮轻松拉出 大容量收纳换季衣物被子 省空间
电线收纳盒插座隐藏盒桌面电源线整理,家居收纳,22.0,抖音,28500,4.6,大号可放排插+多余线缆 带盖防尘 桌面整洁 底部散热孔 家居办公必备
真空收纳袋特大号压缩被子袋羽绒服抽气,家居收纳,29.0,拼多多,38500,4.5,特大号可装厚被子 送电动抽气泵 防潮防霉防虫 节省80%空间 6件套装
化妆品收纳盒桌面透明防尘护肤品置物架,家居收纳,35.0,小红书,22500,4.7,透明亚克力材质 防尘带盖 多层分区 口红护肤品化妆品收纳 梳妆台必备
内衣收纳盒抽屉式袜子内裤分类整理盒,家居收纳,18.0,拼多多,38500,4.6,抽屉式分格设计 内衣袜子分类收纳 带盖防尘 可叠放 衣柜整齐 多色可选
床单固定器被子防跑被套角固定防滑夹,家居收纳,6.9,拼多多,52500,4.5,被套四角固定防跑被 床单防移位 弹力带+卡扣固定 8个装 解决被芯乱跑
遥控器收纳盒桌面多功能手机电视遥控架,家居收纳,12.0,抖音,18500,4.6,多格分区 可放遥控器+手机+笔 桌面整洁不乱 简约风格 客厅卧室通用
手机散热器半导体磁吸降温游戏直播散热,数码电器,49.0,抖音,15500,4.6,半导体制冷强劲降温 磁吸设计即贴即用 超静音 手机游戏直播散热神器
蓝牙音箱便携无线迷你小音响户外低音炮,数码电器,39.0,拼多多,25500,4.5,蓝牙5.3无线连接 重低音音质 TWS串联立体声 便携户外 IPX5防水 12小时续航
Type-C扩展坞USB集线器笔记本电脑支架,数码电器,55.0,抖音,10500,4.7,7合1 Type-C扩展坞 HDMI+USB3.0+SD卡 笔记本平板通用 轻薄便携 办公必备
主动式电容笔iPad触控笔手写笔防误触,数码电器,69.0,拼多多,12500,4.6,主动式电容笔 iPad通用 倾斜压感 防误触 磁吸吸附 Type-C充电 学生画画必备
无线鼠标静音超薄便携笔记本台式办公,数码电器,19.0,拼多多,38500,4.5,2.4G无线连接 静音按键不吵人 超薄便携 笔记本台式通用 自动休眠省电
USB小夜灯笔记本电脑屏幕挂灯护眼台灯,数码电器,25.0,抖音,22500,4.7,USB接口即插即用 屏幕挂灯不占空间 三档色温调节 护眼不反光 办公宿舍神器
无线摄像头家用监控室内手机远程对话,数码电器,89.0,拼多多,15500,4.5,2K高清 360°全景旋转 手机远程监控 双向语音对话 夜视功能 插卡录像
快充数据线三合一苹果安卓Type-C充电线,数码电器,15.0,拼多多,52500,4.5,三合一充电线 苹果+安卓+Type-C 快充不弹窗 编织线身抗拉扯 1.5米长
自拍杆三脚架手机直播支架蓝牙遥控拍照,数码电器,29.0,抖音,32500,4.6,三脚架+自拍杆二合一 蓝牙遥控 直播拍照通用 可伸缩 便携折叠 手机通用
蓝牙键盘平板iPad手机通用便携折叠键盘,数码电器,49.0,拼多多,12500,4.6,蓝牙折叠键盘 手机平板通用 超薄便携 充电款持久续航 移动办公打字神器
手机防水袋潜水游泳触屏通用手机套,数码电器,12.0,拼多多,28500,4.5,IPX8级防水 水下可触屏可拍照 游泳潜水漂流 大屏手机通用 送挂绳
蓝牙音箱闹钟床头时钟多功能音响,数码电器,59.0,抖音,10500,4.7,蓝牙音箱+闹钟+FM收音三合一 LED大屏显示 无线充电款 白色简约 床头必备
平板支架iPad桌面支撑架可调节升降,数码电器,35.0,拼多多,18500,4.6,铝合金材质稳固 多角度可调 可升降 网课追剧办公 手机平板通用 防滑硅胶垫
车载手机支架磁吸出风口导航支架,数码电器,18.0,抖音,38500,4.5,强磁吸附稳固不掉 出风口夹式安装 360°旋转 导航开车必备 所有车型通用
电动牙刷成人充电式超声波自动牙刷,数码电器,69.0,抖音,22500,4.6,超声波清洁 5档模式 IPX7防水 USB无限充电 送4个替换刷头 牙齿美白
充电宝自带线10000mAh超薄迷你便携,数码电器,49.0,抖音,32500,4.7,自带苹果+Type-C双线 10000mAh 超薄迷你 口红大小 数显电量 可上飞机
冰丝阔腿裤女夏季薄款垂感拖地裤凉凉裤,女装,45.0,抖音,32500,4.7,冰丝凉凉裤 垂感拖地阔腿版型 松紧腰不勒肉 夏季透气防晒 通勤百搭 多色可选
大码连衣裙女夏2026新款遮肚显瘦A字裙,女装,69.0,拼多多,18500,4.6,大码L-5XL专属 A字版型遮肚显瘦 雪纺面料轻盈 过膝长裙 胖妹妹夏季约会款
纯棉T恤女夏季2026新款圆领短袖宽松,女装,29.0,拼多多,42500,4.6,纯棉面料亲肤透气 圆领宽松版型 基础百搭款 内搭外穿皆可 12色可选
瑜伽服女夏季运动套装健身服短袖跑步,女装,59.0,抖音,22500,4.7,速干透气面料 运动瑜伽健身套装 短袖+长裤 提臀显瘦 瑜伽跑步通用 多色可选
新中式国风连衣裙女改良旗袍刺绣裙子,女装,129.0,小红书,8500,4.9,新中式改良旗袍 立体刺绣 国风印花 收腰显气质 茶艺写真出片 高端小众款
加厚羽绒服女中长款过膝宽松大毛领保暖外套,女装,259.0,抖音,28500,4.7,冬季加厚羽绒服 90%白鸭绒填充 中长款过膝 大毛领可拆卸 防风保暖 零下20度可穿
羊绒打底衫女半高领修身内搭针织衫秋冬,女装,89.0,拼多多,32500,4.7,羊绒混纺面料柔软亲肤 半高领保暖 秋冬内搭打底 修身不紧绷 多色可选
加绒牛仔裤女冬季保暖高腰显瘦棉裤,女装,79.0,抖音,22500,4.6,冬季加绒加厚牛仔裤 高腰收腹显瘦 内里绒毛保暖 零度以下也不冷 百搭直筒款
面包服棉袄女短款冬季保暖立领棉衣外套,女装,139.0,拼多多,28500,4.5,冬季短款面包服 加厚棉填充 立领防风 宽松韩版 适合零度至零下10度
针织连衣裙女冬季中长款打底包臀毛衣裙子,女装,69.0,小红书,15500,4.8,冬季针织连衣裙 中长款包臀版型 内搭外穿两用 厚实保暖 约会通勤皆可
加厚羊羔绒卫衣女冬季套头加绒打底衫,女装,65.0,拼多多,38500,4.6,冬季加厚羊羔绒内里 套头卫衣 保暖防风 宽松百搭 学生党过冬必备
棉裤女冬季加厚高腰保暖一体绒打底裤,女装,49.0,抖音,42500,4.6,冬季一体绒加厚棉裤 高腰收腹 外穿打底两用 零下10度保暖 不起球不掉绒
毛呢大衣女中长款韩版双面呢羊毛外套秋冬,女装,199.0,小红书,12500,4.8,双面羊毛呢大衣 中长款韩版 秋冬气质通勤 挺括有型不臃肿 S-XXL码
加厚打底裤女冬季外穿高腰保暖小黑裤,女装,39.0,拼多多,52500,4.5,冬季加厚500g绒 高腰收腹提臀 外穿显瘦小黑裤 一条过冬 百搭所有上衣
羽绒马甲女短款立领保暖无袖内胆背心,女装,99.0,抖音,18500,4.7,冬季羽绒马甲 90%鸭绒填充 立领保暖 轻薄无袖内胆 办公室室内穿着 春秋冬三季可穿
雪地靴女短筒加绒保暖防滑棉鞋冬季外穿,女装,59.0,拼多多,38500,4.6,冬季加绒雪地靴 短筒百搭 防滑牛筋底 内里厚绒保暖 防水鞋面 36-41码
保暖内衣女套装自发热恒温打底秋衣秋裤,女装,49.0,抖音,42500,4.7,自发热纤维恒温保暖 轻薄不臃肿 打底内衣套装 冬季必备 可外穿 多色可选
加厚围巾女冬季保暖披肩韩版百搭围脖,女装,29.0,拼多多,28500,4.6,冬季加厚羊羔绒围巾 大尺寸可当披肩 韩版百搭纯色 保暖舒适亲肤
貂绒毛衣女高领加厚套头打底针织衫冬季,女装,109.0,抖音,15500,4.7,貂绒混纺柔软细腻 高领保暖 冬季加厚套头毛衣 宽松慵懒风 内搭外穿均可
触屏手套女冬季保暖加绒骑车防寒手套,女装,19.0,拼多多,35500,4.5,冬季加绒保暖触屏手套 三指可触屏 骑车防寒防风 掌心防滑 男女通用
男士羽绒服短款加厚保暖连帽外套冬季,女装,199.0,拼多多,22500,4.6,冬季男士短款羽绒服 80%鸭绒填充 连帽防风 加厚保暖 零下15度可穿 M-4XL
冲锋衣三合一可拆卸冬季加绒防水防风外套,运动户外,159.0,抖音,25500,4.7,三合一冲锋衣 可拆卸内胆 冬季加绒保暖 防水防风透湿 户外登山通勤两用
加绒卫裤男冬季保暖束脚运动裤加厚,运动户外,69.0,拼多多,32500,4.5,冬季加绒加厚卫裤 束脚设计 保暖防风 运动休闲两穿 不起球不掉色 M-3XL
触屏手套冬季加绒户外骑行防寒保暖手套,运动户外,22.0,抖音,28500,4.6,冬季户外加绒手套 三指触屏可用 骑行骑车防风防寒 掌心防滑耐磨 男女通用
保暖耳罩冬季加厚护耳罩防冻耳包保暖套,日用百货,9.9,拼多多,38500,4.5,冬季加厚绒毛耳罩 防风防冻 可折叠便携 骑车外出必备 多色可选 男女通用
电热毯双人加厚水暖毯安全调温电褥子,家居收纳,89.0,拼多多,28500,4.6,冬季双人电热毯 水暖循环不干燥 三档调温自动断电 加厚绒面亲肤舒适 1.8m大床适用
加厚珊瑚绒毛毯被子冬季双层办公室午睡毯,家居收纳,49.0,抖音,42500,4.7,冬季加厚双层珊瑚绒毛毯 办公室午睡沙发毯 柔软亲肤不掉毛 200x230cm可当被子
暖手宝充电式防爆暖水袋暖宝宝暖手捂,日用百货,29.0,拼多多,52500,4.6,冬季充电暖手宝 防爆安全设计 智能温控自动断电 持久保温6小时 随身取暖神器
毛绒拖鞋女冬季包跟加厚保暖棉拖鞋室内,日用百货,19.0,抖音,48500,4.6,冬季包跟毛绒棉拖鞋 加厚保暖 防滑鞋底不摔倒 柔软亲肤不臭脚 36-41码
暖脚宝电热暖脚器办公室桌下取暖脚垫,日用百货,49.0,拼多多,15500,4.5,冬季办公室桌下暖脚器 电热恒温 3档可调 可拆卸清洗 学生宿舍家用暖脚神器
加厚法兰绒睡衣女冬季珊瑚绒家居服套装,女装,79.0,抖音,38500,4.7,冬季加厚法兰绒睡衣 珊瑚绒双层设计 保暖亲肤不掉毛 居家睡眠两穿 S-3XL
热水袋注水暖水袋大号保暖防爆煖宝宝,日用百货,15.0,拼多多,42500,4.5,冬季注水热水袋 大号1000ml 防爆防漏 加厚橡胶 持久保温 暖手捂暖脚暖被窝
毛绒四件套冬季加厚水晶绒保暖床单被套,家居收纳,139.0,抖音,18500,4.7,冬季加厚水晶绒毛绒四件套 不掉毛不起球 柔软亲肤保暖 1.5/1.8/2.0m床通用
加厚马桶垫冬季保暖防水粘帖式马桶坐垫,浴室用品,12.0,拼多多,35500,4.5,冬季加厚毛绒马桶垫 粘贴式安装不移位 防水底层 柔软保暖不冰PP 多色可选
泡脚桶足浴盆折叠恒温加热电动按摩洗脚盆,浴室用品,89.0,抖音,22500,4.7,冬季泡脚神器 恒温加热+电动按摩 可折叠收纳 红光暖足 过膝高桶 居家养生必备
风衣女中长款韩版宽松卡其色春秋外套,女装,129.0,小红书,12500,4.8,春秋中长款风衣 卡其色经典百搭 宽松韩版显瘦 通勤气质 适合10-20度穿着
针织开衫女短款小香风外套春秋外搭,女装,69.0,抖音,22500,4.7,春秋针织开衫 小香风粗花呢面料 短款显高 空调房外搭通勤约会 多色可选
卫衣女春季加绒宽松韩版连帽套头衫,女装,55.0,拼多多,38500,4.6,春秋加绒卫衣 韩版宽松连帽 套头休闲百搭 适合10-20度单穿或内搭 学生党最爱
白衬衫女设计感小众春秋长袖打底衬衣,女装,49.0,抖音,22500,4.7,春秋长袖白衬衫 设计感小众翻领 通勤百搭打底 不易皱易打理 S-XL码
牛仔外套女春秋短款修身复古做旧夹克,女装,89.0,拼多多,18500,4.7,春秋牛仔外套 短款修身 复古做旧水洗 百搭T恤连衣裙 适合15-25度
西装外套女春秋中长款宽松气质通勤小西装,女装,119.0,小红书,10500,4.8,春秋中长款西装外套 宽松气质通勤 韩版休闲 不挑身材 适合搭配牛仔裤连衣裙
薄款打底衫女长袖V领修身内搭春秋上衣,女装,29.0,拼多多,42500,4.6,春秋薄款打底衫 V领修身显瘦 莫代尔面料柔软亲肤 百搭所有外套 10色可选
灯芯绒衬衫女长袖宽松复古文艺春秋上衣,女装,59.0,抖音,15500,4.7,春秋灯芯绒衬衫 宽松复古文艺风 长袖可卷 单穿内搭均可 适合10-22度 多色可选
运动卫衣套装女春秋宽松休闲跑步健身服,运动户外,79.0,拼多多,22500,4.5,春秋运动卫衣套装 宽松休闲 速干透气 跑步健身 适合10-20度 多色可选 S-2XL
棒球服女春秋宽松韩版短款飞行员夹克,女装,109.0,抖音,13500,4.7,春秋韩版棒球服 宽松短款飞行员夹克 学院风百搭 适合15-25度 复古撞色设计
婴儿连体羽绒服新生儿冬季加厚外出抱衣,母婴,89.0,抖音,12500,4.8,冬季婴儿连体羽绒服 0-3岁 加厚保暖 防风连帽 拉链穿脱方便 宝宝出门拜年必备
儿童加绒卫衣男童女童冬装加厚保暖上衣,母婴,49.0,拼多多,28500,4.6,冬季儿童加绒卫衣 男女童通用 加厚保暖 柔软亲肤不起球 3-12岁 多色可选
宝宝毛线帽冬季加厚护耳婴儿帽子针织帽,母婴,19.0,抖音,18500,4.7,冬季宝宝加厚毛线帽 护耳设计 柔软不扎皮肤 0-3岁 多种卡通造型 保暖可爱
儿童羽绒服男童中长款冬季加厚保暖外套,母婴,159.0,拼多多,12500,4.7,冬季儿童中长款羽绒服 85%白鸭绒 加厚保暖 防风连帽 3-12岁 男童多色可选
婴儿棉衣新生儿冬季加厚连体哈衣爬服,母婴,59.0,拼多多,15500,4.7,冬季新生儿加厚棉衣 连体哈衣设计 全棉内里亲肤 A类标准 0-18个月 换尿布方便
儿童雪地靴男童女童冬季加绒防滑保暖鞋,母婴,45.0,抖音,22500,4.6,冬季儿童雪地靴 加绒保暖防滑 轻便柔软 男女童通用 15-25码 幼儿园必备
婴儿睡袋冬季加厚防踢被宝宝保暖睡袋,母婴,69.0,小红书,10500,4.8,冬季婴儿加厚睡袋 防踢被设计 分腿式活动自如 纯棉内里 A类标准 0-3岁可用
儿童加绒牛仔裤冬季保暖男童长裤棉裤,母婴,55.0,拼多多,18500,4.6,冬季儿童加绒牛仔裤 内里绒毛保暖 弹力腰不勒 3-12岁 男童百搭款
狗狗衣服冬季加厚保暖泰迪柯基小型犬棉服,宠物用品,29.0,抖音,25500,4.6,冬季狗狗加厚棉服 小型犬专用 泰迪柯基比熊 保暖防风 穿脱方便 XS-M码 多种款式
宠物恒温窝垫冬季加厚保暖猫窝冬天狗窝,宠物用品,49.0,拼多多,18500,4.7,冬季宠物恒温窝垫 自发热材质无需插电 双面可用 猫狗通用 可拆洗 多尺寸可选
猫咪保暖帐篷冬季加厚防风寒猫窝房子,宠物用品,55.0,抖音,10500,4.7,冬季猫咪保暖帐篷 加厚毛绒内里 半封闭防风寒 可折叠收纳 猫主子过冬神器
狗狗围巾冬季保暖宠物口水巾装饰围脖,宠物用品,12.0,拼多多,22500,4.5,冬季宠物保暖围巾 毛绒材质亲肤柔软 装饰+保暖两用 小型犬猫咪通用 多色可选
仓鼠保暖棉窝龙猫兔兔金丝熊冬天小宠棉屋,宠物用品,15.0,拼多多,12500,4.6,冬季小宠保暖棉屋 仓鼠龙猫兔兔通用 加厚棉质 悬挂式设计 给小宠一个温暖冬天
自热小火锅麻辣即食懒人自嗨锅速食,食品饮料,35.0,拼多多,38500,4.5,冬季暖身自热火锅 15分钟自热即食 麻辣鲜香 不用火不用电 户外办公室宿舍懒人必备
红糖姜茶速溶冲泡饮品暖身暖宫冬季热饮,食品饮料,25.0,抖音,32500,4.7,冬季暖身红糖姜茶 云南小黄姜+古法红糖 独立包装一冲即饮 暖宫驱寒 20条装
速溶热巧克力可可粉冬季暖饮冲饮饮品,食品饮料,29.0,小红书,15500,4.7,冬季暖饮热巧克力可可粉 丝滑浓郁 独立包装一冲即饮 暖手暖心 瑞士进口配方
烤红薯干农家自制无糖地瓜干片零食,食品饮料,15.0,拼多多,28500,4.6,农家自制烤红薯干 冬季暖身零食 自然甜糯无添加 独立包装 500g大袋 回忆童年味道
火锅底料重庆正宗麻辣香锅底料调料包,食品饮料,19.0,抖音,42500,4.6,重庆正宗火锅底料 冬季家庭火锅必备 麻辣鲜香 一料多用可炒菜 200g大块装
防晒衣女UPF50+冰丝防晒服夏季轻薄透气,女装,59.0,抖音,28500,4.7,夏季防晒衣 UPF50+冰丝凉感 轻薄透气 户外骑行开车防晒 可折叠口袋大小 多色可选
速干T恤男款夏季透气运动短袖跑步健身,运动户外,39.0,拼多多,22500,4.6,夏季速干运动T恤 透气排汗快干 跑步健身户外 简约百搭 男女同款 多色可选
游泳衣女保守遮肚显瘦连体裙式温泉泳装,运动户外,69.0,拼多多,15500,4.6,夏季泳衣女 连体裙式遮肚显瘦 保守设计不暴露 温泉海边度假 均码至大码可选
防晒帽女夏季大帽檐防紫外线遮阳太阳帽,日用百货,25.0,抖音,38500,4.6,夏季大帽檐防晒帽 UPF50+ 可折叠好收纳 防风绳设计 户外钓鱼旅游必备 多色可选
雨鞋防水防滑雨靴短筒女士时尚外穿胶鞋,日用百货,39.0,拼多多,12500,4.5,春秋雨季时尚雨靴 短筒防水防滑 外穿百搭不土气 加绒款可选冬季也保暖 36-40码
春游野餐垫防潮加厚户外沙滩露营垫子,运动户外,29.0,抖音,22500,4.7,春秋野餐垫 防潮加厚 200x200cm大尺寸 可折叠带手提 户外春游沙滩露营必备
风衣女中长款春秋双排扣气质收腰外套,女装,149.0,小红书,10500,4.8,春秋双排扣风衣 中长款收腰显瘦 经典卡其色黑色 通勤气质高级感 适合10-20度
